/2010-2012-2-0t-genesis-coupe,/brakes-2
/2010-2012-2-0t-genesis-coupe,/drivetrain-1
/2010-2012-2-0t-genesis-coupe,/engine-1
/2010-2012-2-0t-genesis-coupe,/exhaust-1
/2010-2012-2-0t-genesis-coupe,/exterior-3
/2010-2012-2-0t-genesis-coupe,/intakes
/2010-2012-2-0t-genesis-coupe,/interior-3
/2010-2012-2-0t-genesis-coupe,/suspension-2
/2010-2012-2-0t-genesis-coupe,/2010-2012-2-0t-genesis-coupe
/2013-2014-2-0t-bk2,/brakes-3
/2013-2014-2-0t-bk2,/drivetrain-2
/2013-2014-2-0t-bk2,/engine-2
/2013-2014-2-0t-bk2,/exhaust-2
/2013-2014-2-0t-bk2,/exterior-8
/2013-2014-2-0t-bk2,/intakes-1
/2013-2014-2-0t-bk2,/interior-4
/2013-2014-2-0t-bk2,/suspension-3
/2013-2014-2-0t-bk2,/2013-2014-2-0t-bk2
/2010-2012-3-8l-v6-bk1,/brakes-5
/2010-2012-3-8l-v6-bk1,/drivetrain-4
/2010-2012-3-8l-v6-bk1,/engine-4
/2010-2012-3-8l-v6-bk1,/exhaust-4
/2010-2012-3-8l-v6-bk1,/exterior-6
/2010-2012-3-8l-v6-bk1,/intakes-3
/2010-2012-3-8l-v6-bk1,/interior-6
/2010-2012-3-8l-v6-bk1,/suspension-5
/2010-2012-3-8l-v6-bk1,/2010-2012-3-8l-v6-bk1
/2013-2016-3-8l-v6-bk2,/brakes-4
/2013-2016-3-8l-v6-bk2,/drivetrain-3
/2013-2016-3-8l-v6-bk2,/engine-3
/2013-2016-3-8l-v6-bk2,/exhaust-3
/2013-2016-3-8l-v6-bk2,/exterior-7
/2013-2016-3-8l-v6-bk2,/intakes-2
/2013-2016-3-8l-v6-bk2,/interior-7
/2013-2016-3-8l-v6-bk2,/suspension-4
/2013-2016-3-8l-v6-bk2,/2013-2016-3-8l-v6-bk2
/elantra-gt-sport-2018,/elantra-gt-sport-2018
/genesis-sedan,/genesis-sedan
/sonata,/engine-5
/sonata,/exhaust-5
/sonata,/intake
/sonata,/interior-8
/sonata,/lighting-1
/sonata,/suspension-6
/sonata,/sonata
/veloster,/new-category
/veloster,/new-category-1
/veloster,/intake-2
/veloster,/new-category-2
/veloster,/new-category-4
/veloster,/new-category-3
/veloster,/veloster
/veloster-turbo,/engine-6
/veloster-turbo,/exhaust-6
/veloster-turbo,/exterior-10
/veloster-turbo,/intake-1
/veloster-turbo,/interior-9
/veloster-turbo,/light
/veloster-turbo,/suspension-7
/veloster-turbo,/veloster-turbo
/veloster-2019-2020,/veloster-2019-2020
/veloster-n-2019,/brakes-6
/veloster-n-2019,/drivetrain-5
/veloster-n-2019,/new-category-5
/veloster-n-2019,/new-category-6
/veloster-n-2019,/new-category-7
/veloster-n-2019,/intakes-4
/veloster-n-2019,/interior-10
/veloster-n-2019,/suspension-8
/veloster-n-2019,/veloster-n-2019
