?cat=3013,Brakes
?cat=3014,Big Brake Kits
?cat=3016,Brake Fluid
?cat=3018,Brake Lines
?cat=3019,Brake Pads
?cat=3020,Brake Rotors
?cat=3021,Master Cylinder Brace
?cat=3022,Misc Brake Components
?cat=3023,Cooling
?cat=7342,Coolant Fluid
?cat=3024,Expansion / Overflow Tanks
?cat=3025,Hoses / Clamps / Couplings
?cat=3026,Oil Coolers
?cat=3027,Radiators
?cat=3028,Radiator Caps
?cat=3029,Radiator Fans
?cat=3030,Thermostats
?cat=3031,Water Pumps
?cat=3032,Drivetrain
?cat=3033,Clutches
?cat=3034,Clutch Lines
?cat=3035,Differentials
?cat=3036,Drive Shafts / Axles
?cat=3038,Flywheels
?cat=7382,Gear Oil
?cat=3039,Pitch Mount Stops
?cat=3040,Shifter Bushings
?cat=3041,Short Shifters
?cat=3042,Transmission / Differential Bushings
?cat=3043,Transmission Mounts
?cat=3044,Engine
?cat=3045,Air Oil Separators
?cat=3046,Alternator Covers
?cat=3048,Battery Tie Downs
?cat=3049,Belts
?cat=3050,Catch Cans
?cat=8325,Deletes / Block Off Plates
?cat=3052,Dress Up
?cat=7335,Engine Blocks
?cat=8326,Gaskets
?cat=3053,Hood Dampers
?cat=3054,Internal Components
?cat=3055,Motor Mounts
?cat=7420,Motor Oil and Accessories
?cat=3056,Oil Caps
?cat=3057,Oil Pans / Pickup / Baffles
?cat=3058,Oil Pumps
?cat=3059,Pistons
?cat=3061,Pulleys
?cat=3062,Radiator Shrouds
?cat=3063,Spark Plugs
?cat=3065,Timing Belt Kit
?cat=3067,Engine Management
?cat=3069,Sensors
?cat=3070,Plug and Play Engine Management
?cat=3072,Exhaust
?cat=3073,Axle Back Exhausts
?cat=3074,Cat Back Exhausts
?cat=3075,Cross Pipes
?cat=3076,Downpipes
?cat=3077,Gaskets / Adapters / Hardware
?cat=3078,Hangers
?cat=3079,Headers and Manifolds
?cat=3080,Heat Shields
?cat=3082,Mid pipes
?cat=3084,Turbo Back Exhausts
?cat=3086,Uppipes
?cat=3087,Exterior
?cat=3089,Doors
?cat=3090,Emblems / Decals
?cat=3091,Exterior Lighting
?cat=3095,Front Lips and Diffusers
?cat=3096,Grills
?cat=3097,Hood Scoops
?cat=3098,Hoods
?cat=3099,Horns
?cat=3100,License Plate
?cat=3101,Mirrors
?cat=3102,Misc
?cat=3103,Mud Flaps
?cat=3105,Rear Lips and Diffusers
?cat=3107,Side Skirts
?cat=3108,Spoilers and Wings
?cat=3109,Tow Hooks
?cat=3111,Trunks
?cat=3112,Forced Induction
?cat=3113,Accessories
?cat=3114,Blow Off Valves
?cat=3115,Blow Off Valve Components
?cat=3116,Boost Controllers
?cat=3117,Intercoolers
?cat=3118,Oil Feed Lines and Fittings
?cat=3119,Piping / Hoses / Couplings
?cat=3121,Turbos
?cat=3122,Wastegates
?cat=3123,Fuel System
?cat=3126,Fuel Injector Components
?cat=3127,Fuel Injectors
?cat=3128,Fuel Pump Install Kits
?cat=3129,Fuel Pumps
?cat=3130,Fuel Rails / Lines
?cat=3131,Fuel Pressure Regulators
?cat=3132,Fuel Pressure Regulator Gauges
?cat=3134,Intake
?cat=3135,Air Boxes
?cat=3136,Air Filters
?cat=3138,Air Intake Hoses / MAF Hoses
?cat=3139,Air Intakes
?cat=3140,Filter Cleaning Kits / Accessories
?cat=8331,Gaskets
?cat=3141,Intake Manifolds
?cat=3142,Intake Manifold Spacers
?cat=3143,MAF Block Off Plates
?cat=8332,Sensors
?cat=3146,Turbo Inlet Hoses / Pipes
?cat=3147,Interior
?cat=3150,Bezels and Trim Pieces
?cat=3152,Floor Mats
?cat=3153,Gauge Pods
?cat=3157,Seat Mounts / Hardware
?cat=3158,Seats
?cat=3160,Shifter Boots
?cat=3161,Shift Knobs
?cat=3162,Steering Wheels
?cat=3163,Suspension
?cat=3172,Accessories
?cat=3164,Air Suspension
?cat=3165,Ball Joints
?cat=3166,Bushings
?cat=3167,Camber / Caster / Toe
?cat=3168,Chassis Bracing
?cat=3169,Coilovers
?cat=3170,End Links
?cat=3171,Control Arms / Lateral Links
?cat=3173,Springs
?cat=3174,Struts
?cat=3175,Strut Tower Brace
?cat=3176,Sway Bars
?cat=3177,Top Hats
?cat=3178,Trailing Arms
?cat=3179,Power Packages
?cat=3180,Suspension Packages
?cat=6258,Brakes
?cat=6259,Big Brake Kits
?cat=6261,Brake Fluid
?cat=6263,Brake Lines
?cat=6264,Brake Pads
?cat=6265,Brake Rotors
?cat=6266,Master Cylinder Brace
?cat=6267,Misc Brake Components
?cat=6268,Cooling
?cat=7344,Coolant Fluid
?cat=6269,Expansion / Overflow Tanks
?cat=6270,Hoses / Clamps / Couplings
?cat=6271,Oil Coolers
?cat=6272,Radiators
?cat=6273,Radiator Caps
?cat=6274,Radiator Fans
?cat=6275,Thermostats
?cat=6276,Water Pumps
?cat=6277,Drivetrain
?cat=6278,Clutches
?cat=6279,Clutch Lines
?cat=6280,Differentials
?cat=6281,Drive Shafts / Axles
?cat=6283,Flywheels
?cat=7384,Gear Oil
?cat=6284,Pitch Mount Stops
?cat=6285,Shifter Bushings
?cat=6286,Short Shifters
?cat=6287,Transmission / Differential Bushings
?cat=6288,Transmission Mounts
?cat=6289,Engine
?cat=6290,Air Oil Separators
?cat=6291,Alternator Covers
?cat=6292,Battery
?cat=6293,Battery Tie Downs
?cat=6294,Belts
?cat=6295,Catch Cans
?cat=6297,Dress Up
?cat=7336,Engine Blocks
?cat=8362,Gaskets
?cat=6298,Hood Dampers
?cat=6299,Internal Components
?cat=6300,Motor Mounts
?cat=7421,Motor Oil and Accessories
?cat=6301,Oil Caps
?cat=6302,Oil Pans / Pickup / Baffles
?cat=6303,Oil Pumps
?cat=6304,Pistons
?cat=6305,Deletes / Block Off Plates
?cat=6306,Pulleys
?cat=6307,Radiator Shrouds
?cat=6308,Spark Plugs
?cat=6311,Timing Belt Kit
?cat=6312,Engine Management
?cat=6314,Sensors
?cat=6315,Plug and Play Engine Management
?cat=6317,Exhaust
?cat=6318,Axle Back Exhausts
?cat=6319,Cat Back Exhausts
?cat=6320,Cross Pipes
?cat=6321,Downpipes
?cat=6322,Gaskets / Adapters / Hardware
?cat=6323,Hangers
?cat=6324,Headers and Manifolds
?cat=6325,Heat Shields
?cat=6328,Midpipes
?cat=6329,Turbo Back Exhausts
?cat=6331,Uppipes
?cat=6332,Exterior
?cat=6334,Doors
?cat=6335,Emblems / Decals
?cat=6336,Exterior Lighting
?cat=6337,Fenders
?cat=6340,Front Lips and Diffusers
?cat=6341,Grills
?cat=6342,Hood Scoops
?cat=6343,Hoods
?cat=6344,Horns
?cat=6345,License Plate
?cat=6346,Mirrors
?cat=6347,Misc
?cat=6348,Mud Flaps
?cat=6350,Rear Lips and Diffusers
?cat=6352,Side Skirts
?cat=6353,Spoilers and Wings
?cat=6354,Tow Hooks
?cat=6355,Trim Pieces
?cat=6356,Trunks
?cat=6357,Forced Induction
?cat=6358,Accessories
?cat=6359,Blow Off Valves
?cat=6360,Blow Off Valve Components
?cat=6361,Boost Controllers
?cat=6362,Intercoolers
?cat=6363,Oil Feed Lines and Fittings
?cat=6364,Piping / Hoses / Couplings
?cat=6366,Turbos
?cat=6367,Wastegates
?cat=6368,Fuel System
?cat=6371,Fuel Injector Components
?cat=6372,Fuel Injectors
?cat=6373,Fuel Pump Install Kits
?cat=6374,Fuel Pumps
?cat=6375,Fuel Rails / Lines
?cat=6376,Fuel Pressure Regulators
?cat=6377,Fuel Pressure Regulator Gauges
?cat=6379,Intake
?cat=6380,Air Boxes
?cat=6381,Air Filters
?cat=6383,Air Intake Hoses / MAF Hoses
?cat=6384,Air Intakes
?cat=6385,Filter Cleaning Kits / Accessories
?cat=8340,Gaskets
?cat=6386,Intake Manifolds
?cat=6387,Intake Manifold Spacers
?cat=6388,MAF Block Off Plates
?cat=8341,Sensors
?cat=6391,Turbo Inlet Hoses / Pipes
?cat=6392,Interior
?cat=6395,Bezels and Trim Pieces
?cat=6397,Floor Mats
?cat=6398,Gauge Pods
?cat=6402,Seat Mounts / Hardware
?cat=6403,Seats
?cat=6405,Shifter Boots
?cat=6406,Shift Knobs
?cat=6407,Steering Wheels
?cat=6408,Suspension
?cat=6417,Accessories
?cat=6409,Air Suspension
?cat=6410,Ball Joints
?cat=6411,Bushings
?cat=6412,Camber / Caster / Toe
?cat=6413,Chassis Bracing
?cat=6414,Coilovers
?cat=6415,End Links
?cat=6416,Control Arms / Lateral Links
?cat=6418,Springs
?cat=6419,Struts
?cat=6420,Strut Tower Brace
?cat=6421,Sway Bars
?cat=6422,Top Hats
?cat=6423,Trailing Arms
?cat=6424,Power Packages
?cat=6425,Suspension Packages
?cat=6428,Brakes
?cat=6429,Big Brake Kits
?cat=6431,Brake Fluid
?cat=6433,Brake Lines
?cat=6434,Brake Pads
?cat=6435,Brake Rotors
?cat=6436,Master Cylinder Brace
?cat=6438,Cooling
?cat=7347,Coolant Fluid
?cat=6439,Expansion / Overflow Tanks
?cat=6440,Hoses / Clamps / Couplings
?cat=6441,Oil Coolers
?cat=6442,Radiators
?cat=6443,Radiator Caps
?cat=6444,Radiator Fans
?cat=6445,Thermostats
?cat=6446,Water Pumps
?cat=6447,Drivetrain
?cat=6448,Clutches
?cat=6449,Clutch Lines
?cat=6450,Differentials
?cat=6451,Drive Shafts / Axles
?cat=6453,Flywheels
?cat=7385,Gear Oil
?cat=6454,Pitch Mount Stops
?cat=6455,Shifter Bushings
?cat=6456,Short Shifters
?cat=6457,Transmission / Differential Bushings
?cat=6458,Transmission Mounts
?cat=6459,Engine
?cat=6460,Air Oil Separators
?cat=6461,Alternator Covers
?cat=6462,Battery
?cat=6463,Battery Tie Downs
?cat=6464,Belts
?cat=6465,Catch Cans
?cat=6467,Dress Up
?cat=7337,Engine Blocks
?cat=8342,Gaskets
?cat=6468,Hood Dampers
?cat=6469,Internal Components
?cat=6470,Motor Mounts
?cat=7423,Motor Oil and Accessories
?cat=6471,Oil Caps
?cat=6472,Oil Pans / Pickup / Baffles
?cat=6473,Oil Pumps
?cat=6474,Pistons
?cat=6476,Pulleys
?cat=6477,Radiator Shrouds
?cat=6478,Spark Plugs
?cat=6481,Timing Belt Kit
?cat=6482,Engine Management
?cat=6484,Sensors
?cat=6485,Plug and Play Engine Management
?cat=6487,Exhaust
?cat=6488,Axle Back Exhausts
?cat=6489,Cat Back Exhausts
?cat=6490,Cross Pipes
?cat=6491,Downpipes
?cat=6492,Gaskets / Adapters / Hardware
?cat=6493,Hangers
?cat=6494,Headers and Manifolds
?cat=6495,Heat Shields
?cat=6499,Turbo Back Exhausts
?cat=6501,Uppipes
?cat=6502,Exterior
?cat=6504,Doors
?cat=6505,Emblems / Decals
?cat=6506,Exterior Lighting
?cat=6507,Fenders
?cat=6510,Front Lips and Diffusers
?cat=6512,Hood Scoops
?cat=6513,Hoods
?cat=6514,Horns
?cat=6515,License Plate
?cat=6516,Mirrors
?cat=6517,Misc
?cat=6518,Mud Flaps
?cat=6520,Rear Lips and Diffusers
?cat=6522,Side Skirts
?cat=6523,Spoilers and Wings
?cat=6524,Tow Hooks
?cat=6525,Trim Pieces
?cat=6526,Trunks
?cat=6527,Forced Induction
?cat=6528,Accessories
?cat=6529,Blow Off Valves
?cat=6530,Blow Off Valve Components
?cat=6531,Boost Controllers
?cat=6532,Intercoolers
?cat=6533,Oil Feed Lines and Fittings
?cat=6534,Piping / Hoses / Couplings
?cat=6536,Turbos
?cat=6537,Wastegates
?cat=6538,Fuel System
?cat=6539,Flex Fuel
?cat=6541,Fuel Injector Components
?cat=6542,Fuel Injectors
?cat=6543,Fuel Pump Install Kits
?cat=6544,Fuel Pumps
?cat=6545,Fuel Rails / Lines
?cat=6546,Fuel Pressure Regulators
?cat=6547,Fuel Pressure Regulator Gauges
?cat=6549,Intake
?cat=6550,Air Boxes
?cat=6551,Air Filters
?cat=6553,Air Intake Hoses / MAF Hoses
?cat=6554,Air Intakes
?cat=6555,Filter Cleaning Kits / Accessories
?cat=8343,Gaskets
?cat=6556,Intake Manifolds
?cat=6557,Intake Manifold Spacers
?cat=6558,MAF Block Off Plates
?cat=8344,Sensors
?cat=6559,Throttle Body Spacers
?cat=6561,Turbo Inlet Hoses / Pipes
?cat=6562,Interior
?cat=6565,Bezels and Trim Pieces
?cat=6567,Floor Mats
?cat=6568,Gauge Pods
?cat=6572,Seat Mounts / Hardware
?cat=6573,Seats
?cat=6575,Shifter Boots
?cat=6576,Shift Knobs
?cat=6577,Steering Wheels
?cat=6578,Suspension
?cat=6579,Air Suspension
?cat=6580,Ball Joints
?cat=6581,Bushings
?cat=6582,Camber / Caster / Toe
?cat=6583,Chassis Bracing
?cat=6584,Coilovers
?cat=6585,End Links
?cat=6586,Control Arms / Lateral Links
?cat=6587,Accessories
?cat=6588,Springs
?cat=6589,Struts
?cat=6590,Strut Tower Brace
?cat=6591,Sway Bars
?cat=6592,Top Hats
?cat=6593,Trailing Arms
?cat=6594,Power Packages
?cat=6595,Suspension Packages
?cat=6598,Brakes
?cat=6599,Big Brake Kits
?cat=6601,Brake Fluid
?cat=6603,Brake Lines
?cat=6604,Brake Pads
?cat=6605,Brake Rotors
?cat=6606,Master Cylinder Brace
?cat=6607,Misc Brake Components
?cat=6608,Cooling
?cat=7351,Coolant Fluid
?cat=6609,Expansion / Overflow Tanks
?cat=6610,Hoses / Clamps / Couplings
?cat=6611,Oil Coolers
?cat=6612,Radiators
?cat=6613,Radiator Caps
?cat=6614,Radiator Fans
?cat=6615,Thermostats
?cat=6616,Water Pumps
?cat=6617,Drivetrain
?cat=6618,Clutches
?cat=6619,Clutch Lines
?cat=6620,Differentials
?cat=6621,Drive Shafts / Axles
?cat=6623,Flywheels
?cat=6624,Pitch Mount Stops
?cat=6625,Shifter Bushings
?cat=6626,Short Shifters
?cat=6627,Transmission / Differential Bushings
?cat=6628,Transmission Mounts
?cat=6629,Engine
?cat=6630,Air Oil Separators
?cat=6631,Alternator Covers
?cat=6632,Battery
?cat=6633,Battery Tie Downs
?cat=6634,Belts
?cat=6635,Catch Cans
?cat=7338,Engine Blocks
?cat=6637,Dress Up
?cat=8345,Gaskets
?cat=6638,Hood Dampers
?cat=6639,Internal Components
?cat=6640,Motor Mounts
?cat=7422,Motor Oil and Accessories
?cat=6641,Oil Caps
?cat=6642,Oil Pans / Pickup / Baffles
?cat=6643,Oil Pumps
?cat=6644,Pistons
?cat=6646,Pulleys
?cat=6647,Radiator Shrouds
?cat=6648,Spark Plugs
?cat=6651,Timing Belt Kit
?cat=6652,Engine Management
?cat=6654,Sensors
?cat=6655,Plug and Play Engine Management
?cat=6657,Exhaust
?cat=6658,Axle Back Exhausts
?cat=6659,Cat Back Exhausts
?cat=6660,Cross Pipes
?cat=6661,Downpipes
?cat=6662,Gaskets / Adapters / Hardware
?cat=6663,Hangers
?cat=6664,Headers and Manifolds
?cat=6665,Heat Shields
?cat=6668,Midpipes
?cat=6669,Turbo Back Exhausts
?cat=6671,Uppipes
?cat=6672,Exterior
?cat=6676,Exterior Lighting
?cat=6679,Fog Light Covers
?cat=6683,Grills
?cat=6685,Hood Scoops
?cat=6688,Hoods
?cat=6690,Horns
?cat=6692,License Plate
?cat=6694,Mirrors
?cat=6696,Misc
?cat=6698,Mud Flaps
?cat=6700,Rain Deflectors
?cat=6708,Spoilers and Wings
?cat=6710,Tow Hooks
?cat=6714,Trunks
?cat=6716,Forced Induction
?cat=6718,Accessories
?cat=6720,Blow Off Valves
?cat=6722,Blow Off Valve Components
?cat=6724,Boost Controllers
?cat=6726,Intercoolers
?cat=6728,Oil Feed Lines and Fittings
?cat=6730,Piping / Hoses / Couplings
?cat=6734,Turbos
?cat=6736,Wastegates
?cat=6738,Fuel System
?cat=6740,Flex Fuel
?cat=6744,Fuel Injector Components
?cat=6746,Fuel Injectors
?cat=6748,Fuel Pump Install Kits
?cat=6750,Fuel Pumps
?cat=6752,Fuel Rails / Lines
?cat=6754,Fuel Pressure Regulators
?cat=6756,Fuel Pressure Regulator Gauges
?cat=6760,Intake
?cat=6762,Air Boxes
?cat=6764,Air Filters
?cat=6768,Air Intake Hoses / MAF Hoses
?cat=6770,Air Intakes
?cat=6772,Filter Cleaning Kits / Accessories
?cat=8347,Gaskets
?cat=6776,Intake Manifold Spacers
?cat=6779,MAF Block Off Plates
?cat=8348,Sensors
?cat=6784,Turbo Inlet Hoses / Pipes
?cat=6786,Interior
?cat=6792,Bezels and Trim Pieces
?cat=6796,Floor Mats
?cat=6798,Gauge Pods
?cat=6806,Seat Mounts / Hardware
?cat=6808,Seats
?cat=6812,Shifter Boots
?cat=6814,Shift Knobs
?cat=6816,Steering Wheels
?cat=6818,Suspension
?cat=6820,Air Suspension
?cat=6822,Ball Joints
?cat=6824,Bushings
?cat=6826,Camber / Caster / Toe
?cat=6828,Chassis Bracing
?cat=6830,Coilovers
?cat=6832,End Links
?cat=6834,Control Arms / Lateral Links
?cat=6836,Accessories
?cat=6838,Springs
?cat=6840,Struts
?cat=6842,Strut Tower Brace
?cat=6844,Sway Bars
?cat=6846,Top Hats
?cat=6848,Trailing Arms
?cat=6850,Power Packages
?cat=6852,Suspension Packages
?cat=3863,Brakes
?cat=3864,Big Brake Kits
?cat=3865,Brake Ducting
?cat=3866,Brake Fluid
?cat=3868,Brake Lines
?cat=3869,Brake Pads
?cat=3870,Brake Rotors
?cat=3871,Master Cylinder Brace
?cat=3872,Misc Brake Components
?cat=3873,Cooling
?cat=7352,Coolant Fluid
?cat=3874,Expansion / Overflow Tanks
?cat=3875,Hoses / Clamps / Couplings
?cat=3876,Oil Coolers
?cat=3877,Radiators
?cat=3878,Radiator Caps
?cat=3880,Thermostats
?cat=3881,Water Pumps
?cat=3882,Drivetrain
?cat=3883,Clutches
?cat=3884,Clutch Lines
?cat=3885,Differentials
?cat=3886,Drive Shafts / Axles
?cat=3888,Flywheels
?cat=3889,Pitch Mount Stops
?cat=3890,Shifter Bushings
?cat=3891,Short Shifters
?cat=3892,Transmission / Differential Bushings
?cat=3893,Transmission Mounts
?cat=3894,Engine
?cat=3895,Air Oil Separators
?cat=3896,Alternator Covers
?cat=3897,Battery
?cat=3898,Battery Tie Downs
?cat=3899,Belts
?cat=3900,Catch Cans
?cat=3901,Coil Packs
?cat=3902,Dress Up
?cat=7339,Engine Blocks
?cat=8353,Gaskets
?cat=3903,Hood Dampers
?cat=3904,Internal Components
?cat=3905,Motor Mounts
?cat=7425,Motor Oil and Accessories
?cat=3906,Oil Caps
?cat=3907,Oil Pans / Pickup / Baffles
?cat=3908,Oil Pumps
?cat=3909,Pistons
?cat=3911,Pulleys
?cat=3912,Radiator Shrouds
?cat=3913,Spark Plugs
?cat=3915,Timing Belt Kit
?cat=3917,Engine Management
?cat=3919,Sensors
?cat=3920,Plug and Play Engine Management
?cat=3922,Exhaust
?cat=3923,Axle Back Exhausts
?cat=3924,Cat Back Exhausts
?cat=3925,Cross Pipes
?cat=3926,Downpipes
?cat=3927,Gaskets / Adapters / Hardware
?cat=3928,Hangers
?cat=3929,Headers and Manifolds
?cat=3930,Heat Shields
?cat=3933,Midpipes
?cat=3934,Turbo Back Exhausts
?cat=3936,Uppipes
?cat=3937,Exterior
?cat=3940,Emblems / Decals
?cat=3941,Exterior Lighting
?cat=3942,Fenders
?cat=3945,Front Lips and Diffusers
?cat=3946,Grills
?cat=3947,Hood Scoops
?cat=3948,Hoods
?cat=3949,Horns
?cat=3950,License Plate
?cat=3951,Mirrors
?cat=3952,Misc
?cat=3953,Mud Flaps
?cat=3954,Rain Deflectors
?cat=3958,Spoilers and Wings
?cat=3959,Tow Hooks
?cat=3960,Trim Pieces
?cat=3961,Trunks
?cat=3962,Forced Induction
?cat=3963,Accessories
?cat=3964,Blow Off Valves
?cat=3965,Blow Off Valve Components
?cat=3966,Boost Controllers
?cat=3967,Intercoolers
?cat=3968,Oil Feed Lines and Fittings
?cat=3969,Piping / Hoses / Couplings
?cat=3971,Turbos
?cat=3972,Wastegates
?cat=3973,Fuel System
?cat=3974,Flex Fuel
?cat=3976,Fuel Injector Components
?cat=3977,Fuel Injectors
?cat=3978,Fuel Pump Install Kits
?cat=3979,Fuel Pumps
?cat=3980,Fuel Rails / Lines
?cat=3981,Fuel Pressure Regulators
?cat=3982,Fuel Pressure Regulator Gauges
?cat=3984,Intake
?cat=3985,Air Boxes
?cat=3986,Air Filters
?cat=3988,Air Intake Hoses / MAF Hoses
?cat=3989,Air Intakes
?cat=3990,Filter Cleaning Kits / Accessories
?cat=8355,Gaskets
?cat=3992,Intake Manifold Spacers
?cat=3993,MAF Block Off Plates
?cat=8356,Sensors
?cat=3996,Turbo Inlet Hoses / Pipes
?cat=3997,Interior
?cat=4000,Bezels and Trim Pieces
?cat=4002,Floor Mats
?cat=4003,Gauge Pods
?cat=4004,Interior Lighting
?cat=4007,Seat Mounts / Hardware
?cat=4008,Seats
?cat=4010,Shifter Boots
?cat=4011,Shift Knobs
?cat=4012,Steering Wheels
?cat=4013,Suspension
?cat=4014,Air Suspension
?cat=4015,Ball Joints
?cat=4016,Bushings
?cat=4017,Camber / Caster / Toe
?cat=4018,Chassis Bracing
?cat=4019,Coilovers
?cat=4020,End Links
?cat=4021,Control Arms / Lateral Links
?cat=4022,Misc
?cat=4023,Springs
?cat=4024,Struts
?cat=4025,Strut Tower Brace
?cat=4026,Sway Bars
?cat=4027,Top Hats
?cat=4028,Trailing Arms
?cat=4029,Power Packages
?cat=4030,Suspension Packages
?cat=4031,Tuneup Packages
?cat=3183,Brakes
?cat=3184,Big Brake Kits
?cat=3185,Brake Ducting
?cat=3186,Brake Fluid
?cat=3188,Brake Lines
?cat=3189,Brake Pads
?cat=3190,Brake Rotors
?cat=3191,Master Cylinder Brace
?cat=3192,Misc Brake Components
?cat=3193,Cooling
?cat=7354,Coolant Fluid
?cat=3194,Expansion / Overflow Tanks
?cat=3195,Hoses / Clamps / Couplings
?cat=3196,Oil Coolers
?cat=3197,Radiators
?cat=3198,Radiator Caps
?cat=3200,Thermostats
?cat=3202,Drivetrain
?cat=3203,Clutches
?cat=3204,Clutch Lines
?cat=3205,Differentials
?cat=3208,Flywheels
?cat=3209,Pitch Mount Stops
?cat=3210,Shifter Bushings
?cat=3211,Short Shifters
?cat=3212,Transmission / Differential Bushings
?cat=3213,Transmission Mounts
?cat=3214,Engine
?cat=3215,Air Oil Separators
?cat=3216,Alternator Covers
?cat=3217,Battery
?cat=3218,Battery Tie Downs
?cat=3219,Belts
?cat=3220,Catch Cans
?cat=3222,Dress Up
?cat=7340,Engine Block
?cat=8358,Gaskets
?cat=3224,Internal Components
?cat=3225,Motor Mounts
?cat=7427,Motor Oil and Accessories
?cat=3226,Oil Caps
?cat=3227,Oil Pans / Pickup / Baffles
?cat=3228,Oil Pumps
?cat=3231,Pulleys
?cat=3232,Radiator Shrouds
?cat=3233,Spark Plugs
?cat=3237,Engine Management
?cat=3242,Exhaust
?cat=3243,Axle Back Exhausts
?cat=3244,Cat Back Exhausts
?cat=3246,Downpipes
?cat=3247,Gaskets / Adapters / Hardware
?cat=3248,Hangers
?cat=3249,Headers and Manifolds
?cat=3253,Midpipes
?cat=3254,Turbo Back Exhausts
?cat=3257,Exterior
?cat=3258,Body Kits
?cat=3260,Emblems / Decals
?cat=3261,Exterior Lighting
?cat=3262,Fenders
?cat=3264,Fog Light Covers
?cat=3265,Front Lips and Diffusers
?cat=3266,Grills
?cat=3267,Hood Scoops
?cat=3268,Hoods
?cat=3269,Horns
?cat=3270,License Plate
?cat=3271,Mirrors
?cat=3272,Misc
?cat=3273,Mud Flaps
?cat=3274,Rain Deflectors
?cat=3275,Rear Lips and Diffusers
?cat=3277,Side Skirts
?cat=3278,Spoilers and Wings
?cat=3279,Tow Hooks
?cat=3280,Trim Pieces
?cat=3281,Trunks
?cat=3282,Forced Induction
?cat=3283,Accessories
?cat=3284,Blow Off Valves
?cat=3285,Blow Off Valve Components
?cat=3286,Boost Controllers
?cat=3287,Intercoolers
?cat=3289,Piping / Hoses / Couplings
?cat=3291,Turbos
?cat=3292,Wastegates
?cat=3293,Fuel System
?cat=3294,Flex Fuel
?cat=3296,Fuel Injector Components
?cat=3297,Fuel Injectors
?cat=3298,Fuel Pump Install Kits
?cat=3299,Fuel Pumps
?cat=3300,Fuel Rails / Lines
?cat=3304,Intake
?cat=3305,Air Boxes
?cat=3306,Air Filters
?cat=3308,Air Intake Hoses / MAF Hoses
?cat=3309,Air Intakes
?cat=3310,Filter Cleaning Kits / Accessories
?cat=3311,Intake Manifolds
?cat=8360,Sensors
?cat=3315,Tumbler Delete Valves
?cat=3316,Turbo Inlet Hoses / Pipes
?cat=3317,Interior
?cat=3318,Arm Rests
?cat=3320,Bezels and Trim Pieces
?cat=3321,E-Brake Accessories
?cat=3322,Floor Mats
?cat=3323,Gauge Pods
?cat=3324,Interior Lighting
?cat=3327,Seat Mounts / Hardware
?cat=3328,Seats
?cat=3331,Shift Knobs
?cat=3332,Steering Wheels
?cat=3333,Suspension
?cat=3334,Air Suspension
?cat=3335,Ball Joints
?cat=3336,Bushings
?cat=3337,Camber / Caster / Toe
?cat=3338,Chassis Bracing
?cat=3339,Coilovers
?cat=3340,End Links
?cat=3341,Control Arms / Lateral Links
?cat=3342,Accessories
?cat=3343,Springs
?cat=3345,Strut Tower Brace
?cat=3346,Sway Bars
?cat=3347,Top Hats
?cat=3348,Trailing Arms
?cat=3349,Power Packages
?cat=3350,Suspension Packages
?cat=4203,Brakes
?cat=4204,Big Brake Kits
?cat=4206,Brake Fluid
?cat=4208,Brake Lines
?cat=4209,Brake Pads
?cat=4210,Brake Rotors
?cat=4211,Master Cylinder Brace
?cat=4213,Cooling
?cat=7358,Coolant Fluid
?cat=4214,Expansion / Overflow Tanks
?cat=4215,Hoses / Clamps / Couplings
?cat=4216,Oil Coolers
?cat=4217,Radiators
?cat=4218,Radiator Caps
?cat=4219,Radiator Fans
?cat=4220,Thermostats
?cat=4221,Water Pumps
?cat=4222,Drivetrain
?cat=4223,Clutches
?cat=4224,Clutch Lines
?cat=4225,Differentials
?cat=4226,Drive Shafts / Axles
?cat=4228,Flywheels
?cat=7388,Gear Oil
?cat=4229,Pitch Mount Stops
?cat=4230,Shifter Bushings
?cat=4231,Short Shifters
?cat=4232,Transmission / Differential Bushings
?cat=4233,Transmission Mounts
?cat=4234,Engine
?cat=4235,Air Oil Separators
?cat=4236,Alternator Covers
?cat=4237,Battery
?cat=4238,Battery Tie Downs
?cat=4239,Belts
?cat=4240,Catch Cans
?cat=4242,Dress Up
?cat=7333,Engine Blocks
?cat=8324,Gaskets
?cat=4243,Hood Dampers
?cat=4244,Internal Components
?cat=4245,Motor Mounts
?cat=7428,Motor Oil and Accessories
?cat=4246,Oil Caps
?cat=4247,Oil Pans / Pickup / Baffles
?cat=4248,Oil Pumps
?cat=4249,Pistons
?cat=4250,Deletes / Block Off Plates
?cat=4251,Pulleys
?cat=4252,Radiator Shrouds
?cat=4253,Spark Plugs
?cat=4256,Timing Belt Kit
?cat=4257,Engine Management
?cat=4259,Sensors
?cat=4260,Plug and Play Engine Management
?cat=4262,Exhaust
?cat=4263,Axle Back Exhausts
?cat=4264,Cat Back Exhausts
?cat=4265,Cross Pipes
?cat=4266,Downpipes
?cat=4267,Gaskets / Adapters / Hardware
?cat=4268,Hangers
?cat=4269,Headers and Manifolds
?cat=4270,Heat Shields
?cat=4274,Turbo Back Exhausts
?cat=4276,Uppipes
?cat=4277,Exterior
?cat=4279,Doors
?cat=4280,Emblems / Decals
?cat=4281,Exterior Lighting
?cat=4282,Fenders
?cat=4285,Front Lips and Diffusers
?cat=4287,Hood Scoops
?cat=4288,Hoods
?cat=4289,Horns
?cat=4290,License Plate
?cat=4291,Mirrors
?cat=4292,Misc
?cat=4293,Mud Flaps
?cat=4295,Rear Lips and Diffusers
?cat=4297,Side Skirts
?cat=4298,Spoilers and Wings
?cat=4299,Tow Hooks
?cat=4300,Trim Pieces
?cat=4301,Trunks
?cat=4302,Forced Induction
?cat=4303,Accessories
?cat=4304,Blow Off Valves
?cat=4305,Blow Off Valve Components
?cat=4306,Boost Controllers
?cat=4307,Intercoolers
?cat=4308,Oil Feed Lines and Fittings
?cat=4309,Piping / Hoses / Couplings
?cat=4311,Turbos
?cat=4312,Wastegates
?cat=4313,Fuel System
?cat=4314,Flex Fuel
?cat=4316,Fuel Injector Components
?cat=4317,Fuel Injectors
?cat=4318,Fuel Pump Install Kits
?cat=4319,Fuel Pumps
?cat=4320,Fuel Rails / Lines
?cat=4321,Fuel Pressure Regulators
?cat=4322,Fuel Pressure Regulator Gauges
?cat=4324,Intake
?cat=4325,Air Boxes
?cat=4326,Air Filters
?cat=4328,Air Intake Hoses / MAF Hoses
?cat=4329,Air Intakes
?cat=4330,Filter Cleaning Kits / Accessories
?cat=8327,Gaskets
?cat=4331,Intake Manifolds
?cat=4332,Intake Manifold Spacers
?cat=4333,MAF Block Off Plates
?cat=8328,Sensors
?cat=4334,Throttle Body Spacers
?cat=4336,Turbo Inlet Hoses / Pipes
?cat=4337,Interior
?cat=4340,Bezels and Trim Pieces
?cat=4342,Floor Mats
?cat=4343,Gauge Pods
?cat=4347,Seat Mounts / Hardware
?cat=4348,Seats
?cat=4351,Shift Knobs
?cat=4352,Steering Wheels
?cat=4353,Suspension
?cat=4354,Air Suspension
?cat=4355,Ball Joints
?cat=4356,Bushings
?cat=4357,Camber / Caster / Toe
?cat=4358,Chassis Bracing
?cat=4359,Coilovers
?cat=4360,End Links
?cat=4361,Control Arms / Lateral Links
?cat=4362,Accessories
?cat=4363,Springs
?cat=4364,Struts
?cat=4365,Strut Tower Brace
?cat=4366,Sway Bars
?cat=4367,Top Hats
?cat=4368,Trailing Arms
?cat=4369,Power Packages
?cat=4373,Brakes
?cat=4374,Big Brake Kits
?cat=4376,Brake Fluid
?cat=4378,Brake Lines
?cat=4379,Brake Pads
?cat=4380,Brake Rotors
?cat=4381,Master Cylinder Brace
?cat=4382,Misc Brake Components
?cat=4383,Cooling
?cat=7362,Coolant Fluid
?cat=4384,Expansion / Overflow Tanks
?cat=4385,Hoses / Clamps / Couplings
?cat=4386,Oil Coolers
?cat=4387,Radiators
?cat=4388,Radiator Caps
?cat=4389,Radiator Fans
?cat=4390,Thermostats
?cat=4391,Water Pumps
?cat=4392,Drivetrain
?cat=4393,Clutches
?cat=4394,Clutch Lines
?cat=4395,Differentials
?cat=4396,Drive Shafts / Axles
?cat=4398,Flywheels
?cat=7389,Gear Oil
?cat=4399,Pitch Mount Stops
?cat=4400,Shifter Bushings
?cat=4401,Short Shifters
?cat=4402,Transmission / Differential Bushings
?cat=4403,Transmission Mounts
?cat=4404,Engine
?cat=4405,Air Oil Separators
?cat=4406,Alternator Covers
?cat=4407,Battery
?cat=4408,Battery Tie Downs
?cat=4409,Belts
?cat=4410,Catch Cans
?cat=4412,Dress Up
?cat=7343,Engine Block
?cat=8330,Gaskets
?cat=4413,Hood Dampers
?cat=4414,Internal Components
?cat=4415,Motor Mounts
?cat=7429,Motor Oil and Accessories
?cat=4416,Oil Caps
?cat=4417,Oil Pans / Pickup / Baffles
?cat=4418,Oil Pumps
?cat=4419,Pistons
?cat=4420,Deletes / Block Off Plates
?cat=4421,Pulleys
?cat=4422,Radiator Shrouds
?cat=4423,Spark Plugs
?cat=4426,Timing Belt Kit
?cat=4427,Engine Management
?cat=4429,Sensors
?cat=4430,Plug and Play Engine Management
?cat=4432,Exhaust
?cat=4433,Axle Back Exhausts
?cat=4434,Cat Back Exhausts
?cat=4435,Cross Pipes
?cat=4436,Downpipes
?cat=4437,Gaskets / Adapters / Hardware
?cat=4438,Hangers
?cat=4439,Headers and Manifolds
?cat=4440,Heat Shields
?cat=4444,Turbo Back Exhausts
?cat=4446,Uppipes
?cat=4447,Exterior
?cat=4449,Doors
?cat=4450,Emblems / Decals
?cat=4451,Exterior Lighting
?cat=4452,Fenders
?cat=4455,Front Lips and Diffusers
?cat=4457,Hood Scoops
?cat=4458,Hoods
?cat=4459,Horns
?cat=4460,License Plate
?cat=4461,Mirrors
?cat=4462,Misc
?cat=4465,Rear Lips and Diffusers
?cat=4467,Side Skirts
?cat=4468,Spoilers and Wings
?cat=4469,Tow Hooks
?cat=4470,Trim Pieces
?cat=4471,Trunks
?cat=4472,Forced Induction
?cat=4473,Accessories
?cat=4474,Blow Off Valves
?cat=4475,Blow Off Valve Components
?cat=4476,Boost Controllers
?cat=4477,Intercoolers
?cat=4478,Oil Feed Lines and Fittings
?cat=4479,Piping / Hoses / Couplings
?cat=4481,Turbos
?cat=4482,Wastegates
?cat=4483,Fuel System
?cat=4484,Flex Fuel
?cat=4486,Fuel Injector Components
?cat=4487,Fuel Injectors
?cat=4488,Fuel Pump Install Kits
?cat=4489,Fuel Pumps
?cat=4490,Fuel Rails / Lines
?cat=4491,Fuel Pressure Regulators
?cat=4492,Fuel Pressure Regulator Gauges
?cat=4494,Intake
?cat=4495,Air Boxes
?cat=4496,Air Filters
?cat=4498,Air Intake Hoses / MAF Hoses
?cat=4499,Cold Air Intakes
?cat=4500,Filter Cleaning Kits / Accessories
?cat=8333,Gaskets
?cat=4501,Intake Manifolds
?cat=4502,Intake Manifold Spacers
?cat=4503,MAF Block Off Plates
?cat=8363,Sensors
?cat=4504,Throttle Body Spacers
?cat=4506,Turbo Inlet Hoses / Pipes
?cat=4507,Interior
?cat=4510,Bezels and Trim Pieces
?cat=4512,Floor Mats
?cat=4513,Gauge Pods
?cat=4517,Seat Mounts / Hardware
?cat=4518,Seats
?cat=4521,Shift Knobs
?cat=4522,Steering Wheels
?cat=4523,Suspension
?cat=4524,Air Suspension
?cat=4525,Ball Joints
?cat=4526,Bushings
?cat=4527,Camber / Caster / Toe
?cat=4528,Chassis Bracing
?cat=4529,Coilovers
?cat=4530,End Links
?cat=4531,Control Arms / Lateral Links
?cat=4532,Accessories
?cat=4533,Springs
?cat=4534,Struts
?cat=4535,Strut Tower Brace
?cat=4536,Sway Bars
?cat=4537,Top Hats
?cat=4538,Trailing Arms
?cat=4539,Power Packages
?cat=4543,Brakes
?cat=4544,Big Brake Kits
?cat=4545,Brake Ducting
?cat=4546,Brake Fluid
?cat=4548,Brake Lines
?cat=4549,Brake Pads
?cat=4550,Brake Rotors
?cat=4551,Master Cylinder Brace
?cat=4553,Cooling
?cat=7363,Coolant Fluid
?cat=4554,Expansion / Overflow Tanks
?cat=4555,Hoses / Clamps / Couplings
?cat=4556,Oil Coolers
?cat=4557,Radiators
?cat=4558,Radiator Caps
?cat=4560,Thermostats
?cat=4561,Water Pumps
?cat=4562,Drivetrain
?cat=4563,Clutches
?cat=4564,Clutch Lines
?cat=4565,Differentials
?cat=4566,Drive Shafts / Axles
?cat=4568,Flywheels
?cat=7392,Gear Oil
?cat=4569,Pitch Mount Stops
?cat=4570,Shifter Bushings
?cat=4571,Short Shifters
?cat=4572,Transmission / Differential Bushings
?cat=4573,Transmission Mounts
?cat=4574,Engine
?cat=4575,Air Oil Separators
?cat=4576,Alternator Covers
?cat=4577,Battery
?cat=4578,Battery Tie Downs
?cat=4579,Belts
?cat=4580,Catch Cans
?cat=4582,Dress Up
?cat=7346,Engine Blocks
?cat=4583,Hood Dampers
?cat=8334,Gaskets
?cat=4584,Internal Components
?cat=4585,Motor Mounts
?cat=7430,Motor Oil and Accessories
?cat=4586,Oil Caps
?cat=4587,Oil Pans / Pickup / Baffles
?cat=4588,Oil Pumps
?cat=4589,Pistons
?cat=4590,Deletes / Block Off Plates
?cat=4591,Pulleys
?cat=4592,Radiator Shrouds
?cat=4593,Spark Plugs
?cat=4596,Timing Belt Kit
?cat=4597,Engine Management
?cat=4599,Sensors
?cat=4600,Plug and Play Engine Management
?cat=4602,Exhaust
?cat=4603,Axle Back Exhausts
?cat=4604,Cat Back Exhausts
?cat=4605,Cross Pipes
?cat=4606,Downpipes
?cat=4607,Gaskets / Adapters / Hardware
?cat=4608,Hangers
?cat=4609,Headers and Manifolds
?cat=4610,Heat Shields
?cat=4614,Turbo Back Exhausts
?cat=4616,Uppipes
?cat=4617,Exterior
?cat=4620,Emblems / Decals
?cat=4621,Exterior Lighting
?cat=4622,Fenders
?cat=4624,Fog Light Covers
?cat=4625,Front Lips and Diffusers
?cat=4626,Grills
?cat=4627,Hood Scoops
?cat=4628,Hoods
?cat=4629,Horns
?cat=4630,License Plate
?cat=4631,Mirrors
?cat=4632,Misc
?cat=4633,Mud Flaps
?cat=4634,Rain Deflectors
?cat=4637,Side Skirts
?cat=4638,Spoilers and Wings
?cat=4639,Tow Hooks
?cat=4640,Trim Pieces
?cat=4641,Trunks
?cat=4642,Forced Induction
?cat=4643,Accessories
?cat=4644,Blow Off Valves
?cat=4645,Blow Off Valve Components
?cat=4646,Boost Controllers
?cat=4647,Intercoolers
?cat=4648,Oil Feed Lines and Fittings
?cat=4649,Piping / Hoses / Couplings
?cat=4651,Turbos
?cat=4652,Wastegates
?cat=4653,Fuel System
?cat=4654,Flex Fuel
?cat=4656,Fuel Injector Components
?cat=4657,Fuel Injectors
?cat=4658,Fuel Pump Install Kits
?cat=4659,Fuel Pumps
?cat=4660,Fuel Rails / Lines
?cat=4661,Fuel Pressure Regulators
?cat=4662,Fuel Pressure Regulator Gauges
?cat=4664,Intake
?cat=4665,Air Boxes
?cat=4666,Air Filters
?cat=4668,Air Intake Hoses / MAF Hoses
?cat=4669,Cold Air Intakes
?cat=4670,Filter Cleaning Kits / Accessories
?cat=8335,Gaskets
?cat=4671,Intake Manifolds
?cat=4672,Intake Manifold Spacers
?cat=4673,MAF Block Off Plates
?cat=8336,Sensors
?cat=4674,Throttle Body Spacers
?cat=4676,Turbo Inlet Hoses / Pipes
?cat=4677,Interior
?cat=4680,Bezels and Trim Pieces
?cat=4682,Floor Mats
?cat=4683,Gauge Pods
?cat=4687,Seat Mounts / Hardware
?cat=4688,Seats
?cat=4691,Shift Knobs
?cat=4692,Steering Wheels
?cat=4693,Suspension
?cat=4694,Air Suspension
?cat=4695,Ball Joints
?cat=4696,Bushings
?cat=4697,Camber / Caster / Toe
?cat=4698,Chassis Bracing
?cat=4699,Coilovers
?cat=4700,End Links
?cat=4701,Control Arms / Lateral Links
?cat=4702,Accessories
?cat=4703,Springs
?cat=4704,Struts
?cat=4705,Strut Tower Brace
?cat=4706,Sway Bars
?cat=4707,Top Hats
?cat=4708,Trailing Arms
?cat=4709,Power Packages
?cat=4710,Suspension Packages
?cat=4714,Brakes
?cat=4715,Big Brake Kits
?cat=4716,Brake Ducting
?cat=4717,Brake Fluid
?cat=4719,Brake Lines
?cat=4720,Brake Pads
?cat=4721,Brake Rotors
?cat=4722,Master Cylinder Brace
?cat=4724,Cooling
?cat=7364,Coolant Fluid
?cat=4725,Expansion / Overflow Tanks
?cat=4726,Hoses / Clamps / Couplings
?cat=4727,Oil Coolers
?cat=4728,Radiators
?cat=4729,Radiator Caps
?cat=4730,Radiator Fans
?cat=4731,Thermostats
?cat=4732,Water Pumps
?cat=4733,Drivetrain
?cat=4734,Clutches
?cat=4735,Clutch Lines
?cat=4736,Differentials
?cat=4737,Drive Shafts / Axles
?cat=4739,Flywheels
?cat=7393,Gear Oil
?cat=4740,Pitch Mount Stops
?cat=4741,Shifter Bushings
?cat=4742,Short Shifters
?cat=4743,Transmission / Differential Bushings
?cat=4744,Transmission Mounts
?cat=4745,Engine
?cat=4746,Air Oil Separators
?cat=4747,Alternator Covers
?cat=4748,Battery
?cat=4749,Battery Tie Downs
?cat=4750,Belts
?cat=4751,Catch Cans
?cat=4752,Coil Packs
?cat=4753,Dress Up
?cat=7348,Engine Blocks
?cat=8346,Gaskets
?cat=4754,Hood Dampers
?cat=4755,Internal Components
?cat=4756,Motor Mounts
?cat=7401,Motor Oil and Accessories
?cat=4757,Oil Caps
?cat=4758,Oil Pans / Pickup / Baffles
?cat=4759,Oil Pumps
?cat=4760,Pistons
?cat=4761,Deletes / Block Off Plates
?cat=4762,Pulleys
?cat=4763,Radiator Shrouds
?cat=4764,Spark Plugs
?cat=4767,Timing Belt Kit
?cat=4768,Engine Management
?cat=4770,Sensors
?cat=4771,Plug and Play Engine Management
?cat=4773,Exhaust
?cat=4774,Axle Back Exhausts
?cat=4775,Cat Back Exhausts
?cat=4776,Cross Pipes
?cat=4777,Downpipes
?cat=4778,Gaskets / Adapters / Hardware
?cat=4779,Hangers
?cat=4780,Headers and Manifolds
?cat=4781,Heat Shields
?cat=4783,Mid Pipes
?cat=4785,Turbo Back Exhausts
?cat=4787,Uppipes
?cat=4788,Exterior
?cat=4791,Emblems / Decals
?cat=4792,Exterior Lighting
?cat=4793,Fenders
?cat=4796,Front Lips and Diffusers
?cat=4797,Grills
?cat=4798,Hood Scoops
?cat=4799,Hoods
?cat=4800,Horns
?cat=4801,License Plate
?cat=4802,Mirrors
?cat=4803,Misc
?cat=4804,Mud Flaps
?cat=4805,Rain Deflectors
?cat=4809,Spoilers and Wings
?cat=4810,Tow Hooks
?cat=4811,Trim Pieces
?cat=4812,Trunks
?cat=4813,Forced Induction
?cat=4814,Accessories
?cat=4815,Blow Off Valves
?cat=4816,Blow Off Valve Components
?cat=4817,Boost Controllers
?cat=4818,Intercoolers
?cat=4819,Oil Feed Lines and Fittings
?cat=4820,Piping / Hoses / Couplings
?cat=4822,Turbos
?cat=4823,Wastegates
?cat=4824,Fuel System
?cat=4825,Flex Fuel
?cat=4827,Fuel Injector Components
?cat=4828,Fuel Injectors
?cat=4829,Fuel Pump Install Kits
?cat=4830,Fuel Pumps
?cat=4831,Fuel Rails / Lines
?cat=4832,Fuel Pressure Regulators
?cat=4833,Fuel Pressure Regulator Gauges
?cat=4835,Intake
?cat=4836,Air Boxes
?cat=4837,Air Filters
?cat=4839,Air Intake Hoses / MAF Hoses
?cat=4840,Air Intakes
?cat=4841,Filter Cleaning Kits / Accessories
?cat=8349,Gaskets
?cat=4842,Intake Manifolds
?cat=4843,Intake Manifold Spacers
?cat=4844,MAF Block Off Plates
?cat=8350,Sensors
?cat=4845,Throttle Body Spacers
?cat=4847,Turbo Inlet Hoses / Pipes
?cat=4848,Interior
?cat=4851,Bezels and Trim Pieces
?cat=4853,Floor Mats
?cat=4854,Gauge Pods
?cat=4855,Interior Lighting
?cat=4858,Seat Mounts / Hardware
?cat=4859,Seats
?cat=4862,Shift Knobs
?cat=4863,Steering Wheels
?cat=4864,Suspension
?cat=4865,Air Suspension
?cat=4866,Ball Joints
?cat=4867,Bushings
?cat=4868,Camber / Caster / Toe
?cat=4869,Chassis Bracing
?cat=4870,Coilovers
?cat=4871,End Links
?cat=4872,Control Arms / Lateral Links
?cat=4873,Misc
?cat=4874,Springs
?cat=4875,Struts
?cat=4876,Strut Tower Brace
?cat=4877,Sway Bars
?cat=4878,Top Hats
?cat=4879,Trailing Arms
?cat=4880,Power Packages
?cat=4881,Suspension Packages
?cat=4885,Brakes
?cat=4886,Big Brake Kits
?cat=4887,Brake Ducting
?cat=4888,Brake Fluid
?cat=4890,Brake Lines
?cat=4891,Brake Pads
?cat=4892,Brake Rotors
?cat=4893,Master Cylinder Brace
?cat=4895,Cooling
?cat=7366,Coolant Fluid
?cat=4896,Expansion / Overflow Tanks
?cat=4897,Hoses / Clamps / Couplings
?cat=4898,Oil Coolers
?cat=4899,Radiators
?cat=4900,Radiator Caps
?cat=4901,Radiator Fans
?cat=4902,Thermostats
?cat=4903,Water Pumps
?cat=4904,Drivetrain
?cat=4905,Clutches
?cat=4906,Clutch Lines
?cat=4907,Differentials
?cat=4908,Drive Shafts / Axles
?cat=4910,Flywheels
?cat=7396,Gear Oil
?cat=4911,Pitch Mount Stops
?cat=4912,Shifter Bushings
?cat=4913,Short Shifters
?cat=4914,Transmission / Differential Bushings
?cat=4915,Transmission Mounts
?cat=4916,Engine
?cat=4917,Air Oil Separators
?cat=4918,Alternator Covers
?cat=4919,Battery
?cat=4920,Battery Tie Downs
?cat=4921,Belts
?cat=4922,Catch Cans
?cat=4923,Coil Packs
?cat=4932,Deletes / Block Off Plates
?cat=4924,Dress Up
?cat=7350,Engine Blocks
?cat=8329,Gaskets
?cat=4926,Internal Components
?cat=4927,Motor Mounts
?cat=7397,Motor Oil and Accessories
?cat=4928,Oil Caps
?cat=4929,Oil Pans / Pickups
?cat=4930,Oil Pumps
?cat=4933,Pulleys
?cat=4934,Radiator Shrouds
?cat=4935,Spark Plugs
?cat=4938,Timing Belt
?cat=4939,Engine Management
?cat=4941,Sensors
?cat=4942,Plug and Play Engine Management
?cat=4944,Exhaust
?cat=4945,Axle Back Exhausts
?cat=4946,Cat Back Exhausts
?cat=4947,Cross Pipes
?cat=4948,Downpipes
?cat=4949,Gaskets / Adapters / Hardware
?cat=4950,Hangers
?cat=4951,Headers and Manifolds
?cat=4952,Heat Shields
?cat=4954,Mid pipes
?cat=4956,Turbo Back Exhausts
?cat=4958,Uppipes
?cat=4959,Exterior
?cat=4960,Body Kits
?cat=4962,Emblems / Decals
?cat=4963,Exterior Lighting
?cat=4964,Fenders
?cat=4966,Fog Light Covers
?cat=4967,Front Lips and Diffusers
?cat=4968,Grills
?cat=4969,Hood Scoops
?cat=4970,Hoods
?cat=4971,Horns
?cat=4972,License Plate
?cat=4973,Mirrors
?cat=4974,Misc
?cat=4975,Mud Flaps
?cat=4976,Rain Deflectors
?cat=4977,Rear Lips and Diffusers
?cat=4979,Side Skirts
?cat=4980,Spoilers and Wings
?cat=4981,Tow Hooks
?cat=4982,Trim Pieces
?cat=4983,Trunks
?cat=4984,Forced Induction
?cat=4985,Accessories
?cat=4986,Blow Off Valves
?cat=4987,Blow Off Valve Components
?cat=4988,Boost Controllers
?cat=4989,Intercoolers
?cat=4990,Oil Feed Lines and Fittings
?cat=4991,Piping / Hoses / Couplings
?cat=4993,Turbos
?cat=4994,Wastegates
?cat=4995,Fuel System
?cat=4996,Flex Fuel
?cat=4998,Fuel Injector Components
?cat=4999,Fuel Injectors
?cat=5000,Fuel Pump Install Kits
?cat=5001,Fuel Pumps
?cat=5002,Fuel Rails / Lines
?cat=5003,Fuel Pressure Regulators
?cat=5004,Fuel Pressure Regulator Gauges
?cat=5006,Intake
?cat=5007,Air Boxes
?cat=5008,Air Filters
?cat=5010,Air Intake Hoses / MAF Hoses
?cat=5011,Air Intakes
?cat=5012,Filter Cleaning Kits / Accessories
?cat=8337,Gaskets
?cat=5013,Intake Manifolds
?cat=5014,Intake Manifold Spacers
?cat=5015,MAF Block Off Plates
?cat=8339,Sensors
?cat=5016,Throttle Body Spacers
?cat=5018,Turbo Inlet Hoses / Pipes
?cat=5019,Interior
?cat=5020,Arm Rests
?cat=5022,Bezels and Trim Pieces
?cat=5023,E-Brake Accessories
?cat=5024,Floor Mats
?cat=5025,Gauge Pods
?cat=5026,Interior Lighting
?cat=5029,Seat Mounts / Hardware
?cat=5030,Seats
?cat=5033,Shift Knobs
?cat=5034,Steering Wheels
?cat=5035,Suspension
?cat=5036,Air Suspension
?cat=5037,Ball Joints
?cat=5038,Bushings
?cat=5039,Camber / Caster / Toe
?cat=5040,Chassis Bracing
?cat=5041,Coilovers
?cat=5042,End Links
?cat=5043,Control Arms / Lateral Links
?cat=5044,Accessories
?cat=5045,Springs
?cat=5047,Strut Tower Brace
?cat=5048,Sway Bars
?cat=5049,Top Hats
?cat=5050,Trailing Arms
?cat=5051,Power Packages
?cat=5052,Suspension Packages
?cat=5056,Brakes
?cat=5057,Big Brake Kits
?cat=5059,Brake Fluid
?cat=5061,Brake Lines
?cat=5062,Brake Pads
?cat=5063,Brake Rotors
?cat=5064,Master Cylinder Brace
?cat=5065,Misc Brake Components
?cat=5066,Cooling
?cat=7365,Coolant Fluid
?cat=5067,Expansion / Overflow Tanks
?cat=5068,Hoses / Clamps / Couplings
?cat=5070,Radiators
?cat=5071,Radiator Caps
?cat=5073,Thermostats
?cat=5074,Water Pumps
?cat=5075,Drivetrain
?cat=5076,Clutches
?cat=5077,Clutch Lines
?cat=5081,Flywheels
?cat=7399,Gear Oil
?cat=5082,Pitch Mount Stops
?cat=5083,Shifter Bushings
?cat=5084,Short Shifters
?cat=5085,Transmission / Differential Bushings
?cat=5086,Transmission Mounts
?cat=5087,Engine
?cat=5088,Air Oil Separators
?cat=5089,Alternator Covers
?cat=5091,Battery Tie Downs
?cat=5092,Belts
?cat=5093,Catch Cans
?cat=5095,Dress Up
?cat=7353,Engine Blocks
?cat=5108,Gaskets
?cat=5097,Internal Components
?cat=5098,Motor Mounts
?cat=7408,Motor Oil and Accessories
?cat=5099,Oil Caps
?cat=5100,Oil Pans / Pickup / Baffles
?cat=5101,Oil Pumps
?cat=5102,Pistons
?cat=5104,Pulleys
?cat=5105,Radiator Shrouds
?cat=5106,Spark Plugs
?cat=5109,Timing Belt Kit
?cat=5110,Engine Management
?cat=5112,Sensors
?cat=5113,Plug and Play Engine Management
?cat=5115,Exhaust
?cat=5116,Axle Back Exhausts
?cat=5117,Cat Back Exhausts
?cat=5118,Cross Pipes
?cat=5119,Downpipes
?cat=5120,Gaskets / Adapters / Hardware
?cat=5121,Hangers
?cat=5122,Headers and Manifolds
?cat=5123,Heat Shields
?cat=5129,Uppipes
?cat=5130,Exterior
?cat=5134,Exterior Lighting
?cat=5140,Hood Scoops
?cat=5142,Horns
?cat=5143,License Plate
?cat=5144,Mirrors
?cat=5145,Misc
?cat=5146,Mud Flaps
?cat=5151,Spoilers and Wings
?cat=5152,Tow Hooks
?cat=5155,Forced Induction
?cat=5156,Accessories
?cat=5157,Blow Off Valves
?cat=5158,Blow Off Valve Components
?cat=5159,Boost Controllers
?cat=5160,Intercoolers
?cat=5161,Oil Feed Lines and Fittings
?cat=5162,Piping / Hoses / Couplings
?cat=5164,Turbos
?cat=5165,Wastegates
?cat=5166,Fuel System
?cat=5167,Flex Fuel
?cat=5169,Fuel Injector Components
?cat=5170,Fuel Injectors
?cat=5171,Fuel Pump Install Kits
?cat=5172,Fuel Pumps
?cat=5173,Fuel Rails / Lines
?cat=5174,Fuel Pressure Regulators
?cat=5175,Fuel Pressure Regulator Gauges
?cat=5177,Intake
?cat=5178,Air Boxes
?cat=5179,Air Filters
?cat=5181,Air Intake Hoses / MAF Hoses
?cat=5182,Air Intakes
?cat=5183,Filter Cleaning Kits / Accessories
?cat=8364,Gaskets
?cat=5185,Intake Manifold Spacers
?cat=5186,MAF Block Off Plates
?cat=8365,Sensors
?cat=5189,Turbo Inlet Hoses / Pipes
?cat=5190,Interior
?cat=5195,Floor Mats
?cat=5197,Interior Lighting
?cat=5203,Shifter Boots
?cat=5204,Shift Knobs
?cat=5206,Suspension
?cat=5209,Bushings
?cat=5210,Camber / Caster / Toe
?cat=5211,Chassis Bracing
?cat=5212,Coilovers
?cat=5214,Control Arms / Lateral Links
?cat=5213,End Links
?cat=5215,Accessories
?cat=5216,Springs
?cat=5218,Strut Tower Brace
?cat=5219,Sway Bars
?cat=5220,Top Hats
?cat=5222,Power Packages
?cat=5227,Brakes
?cat=5230,Brake Fluid
?cat=5232,Brake Lines
?cat=5233,Brake Pads
?cat=5234,Brake Rotors
?cat=5237,Cooling
?cat=7367,Coolant Fluid
?cat=5238,Expansion / Overflow Tanks
?cat=5242,Radiator Caps
?cat=5246,Drivetrain
?cat=5247,Clutches
?cat=5248,Clutch Lines
?cat=5249,Differentials
?cat=5252,Flywheels
?cat=7400,Gear Oil
?cat=5253,Pitch Mount Stops
?cat=5254,Shifter Bushings
?cat=5256,Transmission / Differential Bushings
?cat=5257,Transmission Mounts
?cat=5258,Engine
?cat=5259,Air Oil Separators
?cat=5260,Alternator Covers
?cat=5262,Battery Tie Downs
?cat=5263,Belts
?cat=5264,Catch Cans
?cat=5266,Dress Up
?cat=8368,Gaskets
?cat=5268,Internal Components
?cat=5269,Motor Mounts
?cat=7411,Motor Oil and Accessories
?cat=5270,Oil Caps
?cat=5272,Oil Pumps
?cat=5275,Pulleys
?cat=5280,Timing Belt Kit
?cat=5281,Engine Management
?cat=5286,Exhaust
?cat=5288,Cat Back Exhausts
?cat=5290,Downpipes
?cat=5291,Gaskets / Adapters / Hardware
?cat=5301,Exterior
?cat=5304,Emblems / Decals
?cat=5305,Exterior Lighting
?cat=5311,Hood Scoops
?cat=5313,Horns
?cat=5314,License Plate
?cat=5315,Mirrors
?cat=5316,Misc
?cat=5317,Mud Flaps
?cat=5318,Rain Deflectors
?cat=5322,Spoilers and Wings
?cat=5323,Tow Hooks
?cat=5326,Forced Induction
?cat=5327,Accessories
?cat=5328,Blow Off Valves
?cat=5329,Blow Off Valve Components
?cat=5330,Boost Controllers
?cat=5333,Piping / Hoses / Couplings
?cat=5336,Wastegates
?cat=5337,Fuel System
?cat=5338,Flex Fuel
?cat=5340,Fuel Injector Components
?cat=5341,Fuel Injectors
?cat=5342,Fuel Pump Install Kits
?cat=5343,Fuel Pumps
?cat=5344,Fuel Rails
?cat=5345,Fuel Pressure Regulators
?cat=5346,Fuel Pressure Regulator Gauges
?cat=5348,Intake
?cat=5350,Air Filters
?cat=5353,Cold Air Intakes
?cat=5351,Gaskets
?cat=5355,Intake Manifolds
?cat=5356,Intake Manifold Spacers
?cat=5360,Turbo Inlet Hoses / Pipes
?cat=5361,Interior
?cat=5366,Floor Mats
?cat=5375,Shift Knobs
?cat=5377,Suspension
?cat=5386,Accessories
?cat=5380,Bushings
?cat=5381,Camber / Caster / Toe
?cat=5383,Coilovers
?cat=5384,End Links
?cat=5385,Control Arms / Lateral Links
?cat=5387,Springs
?cat=5389,Strut Tower Brace
?cat=5390,Sway Bars
?cat=5398,Brakes
?cat=5401,Brake Fluid
?cat=5404,Brake Pads
?cat=5408,Cooling
?cat=7368,Coolant Fluid
?cat=5413,Radiator Caps
?cat=5417,Drivetrain
?cat=7404,Gear Oil
?cat=5424,Pitch Mount Stops
?cat=5428,Transmission Mounts
?cat=5429,Engine
?cat=5430,Air Oil Separators
?cat=5431,Alternator Covers
?cat=5433,Battery Tie Downs
?cat=5435,Catch Cans
?cat=5437,Dress Up
?cat=5439,Internal Components
?cat=5440,Motor Mounts
?cat=7413,Motor Oil and Accessories
?cat=5441,Oil Caps
?cat=5446,Pulleys
?cat=5452,Engine Management
?cat=5457,Exhaust
?cat=5458,Axle Back Exhausts
?cat=5462,Gaskets / Adapters / Hardware
?cat=5472,Exterior
?cat=5475,Emblems / Decals
?cat=5476,Exterior Lighting
?cat=5482,Hood Scoops
?cat=5484,Horns
?cat=5485,License Plate
?cat=5486,Mirrors
?cat=5487,Misc
?cat=5488,Mud Flaps
?cat=5493,Spoilers and Wings
?cat=5494,Tow Hooks
?cat=5497,Forced Induction
?cat=5508,Fuel System
?cat=5514,Fuel Pumps
?cat=5516,Fuel Pressure Regulators
?cat=5519,Intake
?cat=5521,Air Filters
?cat=5524,Air Intakes
?cat=5531,Turbo Inlet Hoses / Pipes
?cat=5532,Interior
?cat=5537,Floor Mats
?cat=5546,Shift Knobs
?cat=5548,Suspension
?cat=5557,Accessories
?cat=5551,Bushings
?cat=5554,Coilovers
?cat=5560,Strut Tower Brace
?cat=5746,Brakes
?cat=5747,Big Brake Kits
?cat=5749,Brake Fluid
?cat=5752,Brake Pads
?cat=5753,Brake Rotors
?cat=5754,Master Cylinder Brace
?cat=5755,Misc Brake Components
?cat=5756,Cooling
?cat=7369,Coolant Fluid
?cat=5758,Hoses / Clamps / Couplings
?cat=5760,Radiators
?cat=5761,Radiator Caps
?cat=5763,Thermostats
?cat=5764,Water Pumps
?cat=5765,Drivetrain
?cat=5766,Clutches
?cat=5767,Clutch Lines
?cat=5771,Flywheels
?cat=7407,Gear Oil
?cat=5772,Pitch Mount Stops
?cat=5773,Shifter Bushings
?cat=5774,Short Shifters
?cat=5775,Transmission / Differential Bushings
?cat=5776,Transmission Mounts
?cat=5777,Engine
?cat=5778,Air Oil Separators
?cat=5779,Alternator Covers
?cat=5781,Battery Tie Downs
?cat=5782,Belts
?cat=5783,Catch Cans
?cat=5785,Dress Up
?cat=7357,Engine Blocks
?cat=5793,Gaskets
?cat=5786,Hood Dampers
?cat=5787,Internal Components
?cat=5788,Motor Mounts
?cat=7415,Motor Oil and Accessories
?cat=5789,Oil Caps
?cat=5790,Oil Pans / Pickup / Baffles
?cat=5791,Oil Pumps
?cat=5792,Pistons
?cat=5794,Pulleys
?cat=5796,Spark Plugs
?cat=5799,Timing Belt Kit
?cat=5800,Engine Management
?cat=5805,Exhaust
?cat=5806,Axle Back Exhausts
?cat=5807,Cat Back Exhausts
?cat=5808,Cross Pipes
?cat=5809,Downpipes
?cat=5810,Gaskets / Adapters / Hardware
?cat=5811,Hangers
?cat=5812,Headers and Manifolds
?cat=5813,Heat Shields
?cat=5819,Uppipes
?cat=5820,Exterior
?cat=5824,Exterior Lighting
?cat=5830,Hood Scoops
?cat=5832,Horns
?cat=5833,License Plate
?cat=5834,Mirrors
?cat=5835,Misc
?cat=5836,Mud Flaps
?cat=5842,Tow Hooks
?cat=5845,Forced Induction
?cat=5846,Accessories
?cat=5847,Blow Off Valves
?cat=5848,Blow Off Valve Components
?cat=5849,Boost Controllers
?cat=5850,Intercoolers
?cat=5851,Oil Feed Lines and Fittings
?cat=5852,Piping / Hoses / Couplings
?cat=5855,Wastegates
?cat=5856,Fuel System
?cat=5857,Flex Fuel
?cat=5859,Fuel Injector Components
?cat=5860,Fuel Injectors
?cat=5862,Fuel Pumps
?cat=5863,Fuel Rails
?cat=5864,Fuel Pressure Regulators
?cat=5865,Fuel Pressure Regulator Gauges
?cat=5867,Intake
?cat=5868,Air Boxes
?cat=5869,Air Filters
?cat=5872,Air Intakes
?cat=5873,Filter Cleaning Kits / Accessories
?cat=8374,Gaskets
?cat=5875,Intake Manifold Spacers
?cat=5876,MAF Block Off Plates
?cat=5879,Turbo Inlet Hoses / Pipes
?cat=5880,Interior
?cat=5885,Floor Mats
?cat=5893,Shifter Boots
?cat=5894,Shift Knobs
?cat=5896,Suspension
?cat=5905,Accessories
?cat=5899,Bushings
?cat=5900,Camber / Caster / Toe
?cat=5901,Chassis Bracing
?cat=5902,Coilovers
?cat=5903,End Links
?cat=5906,Springs
?cat=5907,Struts
?cat=5908,Strut Tower Brace
?cat=5909,Sway Bars
?cat=5910,Top Hats
?cat=5912,Power Packages
?cat=6088,Brakes
?cat=6091,Brake Fluid
?cat=6094,Brake Pads
?cat=6095,Brake Rotors
?cat=6097,Misc Brake Components
?cat=6098,Cooling
?cat=7370,Coolant Fluid
?cat=6100,Hoses / Clamps / Couplings
?cat=6103,Radiator Caps
?cat=6105,Thermostats
?cat=6107,Drivetrain
?cat=6108,Clutches
?cat=6110,Differentials
?cat=6113,Flywheels
?cat=7409,Gear Oil
?cat=6114,Pitch Mount Stops
?cat=6115,Shifter Bushings
?cat=6116,Short Shifters
?cat=6117,Transmission / Differential Bushings
?cat=6118,Transmission Mounts
?cat=6119,Engine
?cat=6120,Air Oil Separators
?cat=6121,Alternator Covers
?cat=6123,Battery Tie Downs
?cat=6124,Belts
?cat=6125,Catch Cans
?cat=6127,Dress Up
?cat=7359,Engine Blocks
?cat=6135,Gaskets
?cat=6129,Internal Components
?cat=6130,Motor Mounts
?cat=7417,Motor Oil and Accessories
?cat=6131,Oil Caps
?cat=6132,Oil Pans / Pickup / Baffles
?cat=6133,Oil Pumps
?cat=6134,Pistons
?cat=6136,Pulleys
?cat=6141,Timing Belt Kit
?cat=6142,Engine Management
?cat=6147,Exhaust
?cat=6149,Cat Back Exhausts
?cat=6151,Downpipes
?cat=6152,Gaskets / Adapters / Hardware
?cat=6153,Hangers
?cat=6154,Headers and Manifolds
?cat=6155,Heat Shields
?cat=6161,Uppipes
?cat=6162,Exterior
?cat=6166,Exterior Lighting
?cat=6172,Hood Scoops
?cat=6174,Horns
?cat=6175,License Plate
?cat=6176,Mirrors
?cat=6177,Misc
?cat=6178,Mud Flaps
?cat=6184,Tow Hooks
?cat=6187,Forced Induction
?cat=6188,Accessories
?cat=6189,Blow Off Valves
?cat=6190,Blow Off Valve Components
?cat=6191,Boost Controllers
?cat=6192,Intercoolers
?cat=6194,Piping / Hoses / Couplings
?cat=6197,Wastegates
?cat=6198,Fuel System
?cat=6201,Fuel Injector Components
?cat=6202,Fuel Injectors
?cat=6204,Fuel Pumps
?cat=6205,Fuel Rails
?cat=6206,Fuel Pressure Regulators
?cat=6207,Fuel Pressure Regulator Gauges
?cat=6209,Intake
?cat=6210,Air Boxes
?cat=6211,Air Filters
?cat=6214,Air Intakes
?cat=8377,Gaskets
?cat=6216,Intake Manifolds
?cat=6217,Intake Manifold Spacers
?cat=8378,Sensors
?cat=6221,Turbo Inlet Hoses / Pipes
?cat=6222,Interior
?cat=6227,Floor Mats
?cat=6228,Gauge Pods
?cat=6229,Interior Lighting
?cat=6235,Shifter Boots
?cat=6236,Shift Knobs
?cat=6238,Suspension
?cat=6247,Accessories
?cat=6241,Bushings
?cat=6242,Camber / Caster / Toe
?cat=6243,Chassis Bracing
?cat=6244,Coilovers
?cat=6245,End Links
?cat=6246,Control Arms / Lateral Links
?cat=6248,Springs
?cat=6249,Struts
?cat=6250,Strut Tower Brace
?cat=6251,Sway Bars
?cat=6252,Top Hats
?cat=6254,Power Packages
?cat=5917,Brakes
?cat=5920,Brake Fluid
?cat=5922,Brake Lines
?cat=5923,Brake Pads
?cat=5924,Brake Rotors
?cat=5925,Master Cylinder Brace
?cat=5927,Cooling
?cat=7371,Coolant Fluid
?cat=5929,Hoses / Clamps / Couplings
?cat=5932,Radiator Caps
?cat=5934,Thermostats
?cat=5936,Drivetrain
?cat=5939,Differentials
?cat=7410,Gear Oil
?cat=5943,Pitch Mount Stops
?cat=5944,Shifter Bushings
?cat=5946,Transmission / Differential Bushings
?cat=5947,Transmission Mounts
?cat=5948,Engine
?cat=5949,Air Oil Separators
?cat=5950,Alternator Covers
?cat=5952,Battery Tie Downs
?cat=5953,Belts
?cat=5954,Catch Cans
?cat=5956,Dress Up
?cat=5964,Gaskets
?cat=5958,Internal Components
?cat=5959,Motor Mounts
?cat=7418,Motor Oil and Accessories
?cat=5960,Oil Caps
?cat=5961,Oil Pans / Pickup / Baffles
?cat=5962,Oil Pumps
?cat=5965,Pulleys
?cat=5967,Spark Plugs
?cat=5971,Engine Management
?cat=5976,Exhaust
?cat=5977,Axle Back Exhausts
?cat=5978,Cat Back Exhausts
?cat=5981,Gaskets / Adapters / Hardware
?cat=5982,Hangers
?cat=5991,Exterior
?cat=5994,Emblems / Decals
?cat=5995,Exterior Lighting
?cat=6001,Hood Scoops
?cat=6003,Horns
?cat=6004,License Plate
?cat=6005,Mirrors
?cat=6006,Misc
?cat=6007,Mud Flaps
?cat=6008,Rain Deflectors
?cat=6013,Tow Hooks
?cat=6016,Forced Induction
?cat=6018,Blow Off Valves
?cat=6023,Piping / Hoses / Couplings
?cat=6026,Wastegates
?cat=6027,Fuel System
?cat=6030,Fuel Injector Components
?cat=6033,Fuel Pumps
?cat=6035,Fuel Pressure Regulators
?cat=6038,Intake
?cat=6040,Air Filters
?cat=6043,Air Intakes
?cat=6046,Intake Manifold Spacers
?cat=6051,Interior
?cat=6054,Bezels and Trim Pieces
?cat=6056,Floor Mats
?cat=6058,Interior Lighting
?cat=6065,Shift Knobs
?cat=6066,Steering Wheels
?cat=6067,Suspension
?cat=6076,Accessories
?cat=6070,Bushings
?cat=6072,Chassis Bracing
?cat=6073,Coilovers
?cat=6074,End Links
?cat=6075,Control Arms / Lateral Links
?cat=6077,Springs
?cat=6079,Strut Tower Brace
?cat=6080,Sway Bars
?cat=5574,Brakes
?cat=5576,Brake Ducting
?cat=5577,Brake Fluid
?cat=5580,Brake Lines
?cat=5581,Brake Pads
?cat=5582,Brake Rotors
?cat=5583,Master Cylinder Brace
?cat=5584,Misc Brake Components
?cat=5585,Cooling
?cat=7372,Coolant Fluid
?cat=5586,Expansion / Overflow Tanks
?cat=5587,Hoses / Clamps / Couplings
?cat=5588,Oil Coolers
?cat=5589,Radiators
?cat=5590,Radiator Caps
?cat=5591,Radiator Fans
?cat=5592,Thermostats
?cat=5594,Drivetrain
?cat=5595,Clutches
?cat=5596,Clutch Lines
?cat=5597,Differentials
?cat=5600,Flywheels
?cat=7412,Gear Oil
?cat=5602,Shifter Bushings
?cat=5603,Short Shifters
?cat=5604,Transmission / Differential Bushings
?cat=5605,Transmission Mounts
?cat=5606,Engine
?cat=5607,Air Oil Separators
?cat=5608,Alternator Covers
?cat=5610,Battery Tie Downs
?cat=5611,Belts
?cat=5612,Catch Cans
?cat=5614,Dress Up
?cat=7361,Engine Blocks
?cat=5622,Gaskets
?cat=5615,Hood Dampers
?cat=5616,Internal Components
?cat=5617,Motor Mounts
?cat=7414,Motor Oil and Accessories
?cat=5618,Oil Caps
?cat=5619,Oil Pans / Pickup / Baffles
?cat=5621,Pistons
?cat=5623,Pulleys
?cat=5624,Radiator Shrouds
?cat=5629,Engine Management
?cat=5631,Sensors
?cat=5632,Plug and Play Engine Management
?cat=5634,Exhaust
?cat=5635,Axle Back Exhausts
?cat=5636,Cat Back Exhausts
?cat=5638,Downpipes
?cat=5639,Gaskets / Adapters / Hardware
?cat=5640,Hangers
?cat=5641,Headers and Manifolds
?cat=5645,Mid pipes
?cat=5648,Uppipes
?cat=5649,Exterior
?cat=5651,Doors
?cat=5652,Emblems / Decals
?cat=5653,Exterior Lighting
?cat=5654,Fenders
?cat=5657,Front Lips and Diffusers
?cat=5659,Hood Scoops
?cat=5660,Hoods
?cat=5661,Horns
?cat=5662,License Plate
?cat=5663,Mirrors
?cat=5664,Misc
?cat=5665,Mud Flaps
?cat=5667,Rear Lips and Diffusers
?cat=5669,Side Skirts
?cat=5670,Spoilers and Wings
?cat=5671,Tow Hooks
?cat=5672,Trim Pieces
?cat=5673,Trunks
?cat=5674,Forced Induction
?cat=5678,Boost Controllers
?cat=5681,Piping / Hoses / Couplings
?cat=5682,Superchargers
?cat=5684,Wastegates
?cat=5685,Fuel System
?cat=5688,Fuel Injector Components
?cat=5689,Fuel Injectors
?cat=5690,Fuel Pump Install Kits
?cat=5691,Fuel Pumps
?cat=5692,Fuel Rails
?cat=5693,Fuel Pressure Regulators
?cat=5694,Fuel Pressure Regulator Gauges
?cat=5696,Intake
?cat=5697,Air Boxes
?cat=5698,Air Filters
?cat=5700,Air Intake Hoses / MAF Hoses
?cat=5701,Air Intakes
?cat=5704,Intake Manifold Spacers
?cat=5706,Throttle Body Spacers
?cat=5708,Turbo Inlet Hoses / Pipes
?cat=5709,Interior
?cat=5712,Bezels and Trim Pieces
?cat=5713,E-Brake Accessories
?cat=5714,Floor Mats
?cat=5715,Gauge Pods
?cat=5718,Pedals
?cat=5719,Seat Mounts / Hardware
?cat=5720,Seats
?cat=5723,Shift Knobs
?cat=5724,Steering Wheels
?cat=5725,Suspension
?cat=5734,Accessories
?cat=5726,Air Suspension
?cat=5728,Bushings
?cat=5729,Camber / Caster / Toe
?cat=5730,Chassis Bracing
?cat=5731,Coilovers
?cat=5732,End Links
?cat=5733,Control Arms / Lateral Links
?cat=5735,Springs
?cat=5736,Struts
?cat=5737,Strut Tower Brace
?cat=5738,Sway Bars
?cat=5740,Trailing Arms
?cat=8385,Bundle Packages
?cat=8388,Brakes
?cat=8389,Big Brake Kits
?cat=8392,Brake Lines
?cat=8393,Brake Pads
?cat=8394,Brake Rotors
?cat=8397,Cooling
?cat=8402,Hoses / Clamps / Couplings
?cat=8404,Radiators
?cat=8405,Radiator Caps
?cat=8406,Radiator Fans
?cat=8407,Thermostats
?cat=8408,Water Pumps
?cat=8409,Drivetrain
?cat=8410,Clutches
?cat=8414,Flywheels
?cat=8416,Pitch Mount Stops
?cat=8418,Short Shifters
?cat=8419,Transmission / Differential Bushings
?cat=8421,Engine
?cat=8422,Air Oil Separators
?cat=8425,Battery Tie Downs
?cat=8427,Catch Cans
?cat=8434,Internal Components
?cat=8435,Motor Mounts
?cat=8437,Oil Caps
?cat=8441,Pulleys
?cat=8445,Timing Belt Kit
?cat=8451,Exhaust
?cat=8452,Axle Back Exhausts
?cat=8453,Cat Back Exhausts
?cat=8457,Hangers
?cat=8460,High Flow Cat Pipes
?cat=8461,Mid pipes
?cat=8464,Exterior
?cat=8466,Doors
?cat=8468,Exterior Lighting
?cat=8469,Fenders
?cat=8472,Front Lips and Diffusers
?cat=8474,Hood Scoops
?cat=8475,Hoods
?cat=8476,Horns
?cat=8478,Mirrors
?cat=8479,Misc
?cat=8480,Mud Flaps
?cat=8485,Spoilers and Wings
?cat=8486,Tow Hooks
?cat=8488,Trunks
?cat=8500,Fuel System
?cat=8505,Fuel Pumps
?cat=8506,Fuel Rails / Lines
?cat=8508,Fuel Pressure Regulator Gauges
?cat=8509,Intake
?cat=8513,Air Intakes
?cat=8515,Gaskets
?cat=8520,Throttle Body Spacers
?cat=8523,Interior
?cat=8528,Floor Mats
?cat=8530,Interior Lighting
?cat=8537,Shift Knobs
?cat=8539,Suspension
?cat=8540,Accessories
?cat=8543,Bushings
?cat=8544,Camber / Caster / Toe
?cat=8545,Chassis Bracing
?cat=8546,Coilovers
?cat=8549,Springs
?cat=8552,Sway Bars
?cat=8553,Top Hats
?cat=8555,Bundle Packages
?cat=8560,Brakes
?cat=8561,Big Brake Kits
?cat=8565,Brake Pads
?cat=8566,Brake Rotors
?cat=8569,Cooling
?cat=8576,Radiators
?cat=8577,Radiator Caps
?cat=8579,Thermostats
?cat=8580,Water Pumps
?cat=8581,Drivetrain
?cat=8582,Clutches
?cat=8588,Pitch Mount Stops
?cat=8589,Shifter Bushings
?cat=8590,Short Shifters
?cat=8591,Transmission / Differential Bushings
?cat=8593,Engine
?cat=8594,Air Oil Separators
?cat=8597,Battery Tie Downs
?cat=8598,Belts
?cat=8599,Catch Cans
?cat=8606,Internal Components
?cat=8607,Motor Mounts
?cat=8609,Oil Caps
?cat=8613,Pulleys
?cat=8617,Timing Belt Kit
?cat=8623,Exhaust
?cat=8624,Axle Back Exhausts
?cat=8625,Cat Back Exhausts
?cat=8629,Hangers
?cat=8632,High Flow Cat Pipes
?cat=8633,Mid pipes
?cat=8636,Exterior
?cat=8640,Exterior Lighting
?cat=8647,Hoods
?cat=8648,Horns
?cat=8651,Misc
?cat=8652,Mud Flaps
?cat=8657,Spoilers and Wings
?cat=8658,Tow Hooks
?cat=8672,Fuel System
?cat=8677,Fuel Pumps
?cat=8680,Fuel Pressure Regulator Gauges
?cat=8681,Intake
?cat=8685,Air Intakes
?cat=8687,Gaskets
?cat=8692,Throttle Body Spacers
?cat=8695,Interior
?cat=8700,Floor Mats
?cat=8702,Interior Lighting
?cat=8709,Shift Knobs
?cat=8711,Suspension
?cat=8712,Accessories
?cat=8714,Ball Joints
?cat=8715,Bushings
?cat=8716,Camber / Caster / Toe
?cat=8718,Coilovers
?cat=8721,Springs
?cat=8722,Struts
?cat=8723,Strut Tower Brace
?cat=8724,Sway Bars
?cat=8733,Brakes
?cat=8738,Brake Pads
?cat=8739,Brake Rotors
?cat=8742,Cooling
?cat=8749,Radiators
?cat=8750,Radiator Caps
?cat=8752,Thermostats
?cat=8753,Water Pumps
?cat=8754,Drivetrain
?cat=8755,Clutches
?cat=8761,Pitch Mount Stops
?cat=8762,Shifter Bushings
?cat=8766,Engine
?cat=8767,Air Oil Separators
?cat=8770,Battery Tie Downs
?cat=8771,Belts
?cat=8779,Internal Components
?cat=8780,Motor Mounts
?cat=8781,Motor Oil and Accessories
?cat=8782,Oil Caps
?cat=8786,Pulleys
?cat=8790,Timing Belt Kit
?cat=8791,Engine Management
?cat=8796,Exhaust
?cat=8797,Axle Back Exhausts
?cat=8798,Cat Back Exhausts
?cat=8809,Exterior
?cat=8813,Exterior Lighting
?cat=8821,Horns
?cat=8822,License Plate
?cat=8824,Misc
?cat=8825,Mud Flaps
?cat=8826,Rain Deflectors
?cat=8830,Spoilers and Wings
?cat=8831,Tow Hooks
?cat=8854,Intake
?cat=8858,Air Intakes
?cat=8860,Gaskets
?cat=8862,Intake Manifold Spacers
?cat=8868,Interior
?cat=8873,Floor Mats
?cat=8875,Interior Lighting
?cat=8882,Shift Knobs
?cat=8884,Suspension
?cat=8885,Accessories
?cat=8887,Ball Joints
?cat=8888,Bushings
?cat=8889,Camber / Caster / Toe
?cat=8891,Coilovers
?cat=8893,Control Arms / Lateral Links
?cat=8894,Springs
?cat=8896,Strut Tower Brace
?cat=8897,Sway Bars
?cat=9315,Drivetrain
?cat=9322,Pitch Mount Stops
?cat=9324,Short Shifters
?cat=9327,Engine
?cat=9352,Engine Management
?cat=9357,Exhaust
?cat=9370,Exterior
?cat=9373,Emblems / Decals
?cat=9374,Exterior Lighting
?cat=9377,Fog Light Covers
?cat=9378,Front Lips and Diffusers
?cat=9382,Horns
?cat=9383,License Plate
?cat=9386,Mud Flaps
?cat=9387,Rain Deflectors
?cat=9388,Rear Lips and Diffusers
?cat=9390,Side Skirts
?cat=9392,Tow Hooks
?cat=9415,Intake
?cat=9429,Interior
?cat=9434,Floor Mats
?cat=9436,Interior Lighting
?cat=9443,Shift Knobs
?cat=9445,Suspension
?cat=9449,Bushings
?cat=9452,Coilovers
?cat=9457,Strut Tower Brace
?cat=9154,Engine
?cat=9179,Engine Management
?cat=9197,Exterior
?cat=9201,Exterior Lighting
?cat=9209,Horns
?cat=9213,Mud Flaps
?cat=9214,Rain Deflectors
?cat=9219,Tow Hooks
?cat=9242,Intake
?cat=9256,Interior
?cat=9272,Suspension
?cat=9279,Coilovers
?cat=9282,Lift Kits
?cat=8915,Brakes
?cat=8924,Cooling
?cat=8936,Drivetrain
?cat=8943,Pitch Mount Stops
?cat=8944,Shifter Bushings
?cat=8945,Short Shifters
?cat=8948,Engine
?cat=8949,Air Oil Separators
?cat=8954,Catch Cans
?cat=8963,Motor Oil and Accessories
?cat=8973,Engine Management
?cat=8978,Exhaust
?cat=8991,Exterior
?cat=8994,Emblems / Decals
?cat=8995,Exterior Lighting
?cat=9003,Horns
?cat=9004,License Plate
?cat=9006,Misc
?cat=9007,Mud Flaps
?cat=9008,Rain Deflectors
?cat=9012,Spoilers and Wings
?cat=9013,Tow Hooks
?cat=9036,Intake
?cat=9038,Air Filters
?cat=9040,Air Intakes
?cat=9050,Interior
?cat=9053,Bezels and Trim Pieces
?cat=9055,Floor Mats
?cat=9057,Interior Lighting
?cat=9064,Shift Knobs
?cat=9066,Suspension
?cat=9070,Bushings
?cat=9072,Chassis Bracing
?cat=9073,Coilovers
?cat=9075,Control Arms / Lateral Links
?cat=9074,End Links
?cat=9113,Lift Kits
?cat=9076,Springs
?cat=9078,Strut Tower Brace
